Name,Age,Nationality,Club,League,Position,MinutesPlayed,Goals,Assists,ShotsOnTarget,DribblesCompleted,PassAccuracy,Tackles,Interceptions,GoalsPer90,AssistsPer90,FutureStarScore
Lamine Yamal,18,Spain,Barcelona,La Liga,RW,2900,20,24,82,92,84,20,12,0.62,0.74,19.75
Jude Bellingham,22,England,Real Madrid,La Liga,AM,2800,18,9,66,50,86,32,18,0.58,0.29,12.61
Florian Wirtz,22,Germany,Liverpool,Premier League,AM,2600,14,12,54,58,88,26,16,0.48,0.42,13.48
Jamal Musiala,22,Germany,Bayern Munich,Bundesliga,AM,2700,16,11,56,80,88,28,18,0.53,0.37,15.73
Cole Palmer,23,England,Chelsea,Premier League,RW,2900,22,14,86,48,85,22,12,0.68,0.43,12.47
Pedri,23,Spain,Barcelona,La Liga,CM,2500,9,10,28,32,92,34,24,0.32,0.36,9.99
Warren Zaire-Emery,20,France,PSG,Ligue 1,CM,2500,7,9,26,28,89,52,36,0.25,0.32,10.65
Bukayo Saka,24,England,Arsenal,Premier League,RW,2900,16,16,60,46,86,28,16,0.5,0.5,11.38
Xavi Simons,22,Netherlands,Barcelona,La Liga,AM,2600,13,15,50,58,84,30,22,0.45,0.52,13.39
Kobbie Mainoo,20,England,Man United,Premier League,CM,2400,5,6,18,22,86,48,32,0.19,0.23,9.51
Pau Cubarsi,18,Spain,Barcelona,La Liga,CB,2300,2,1,8,12,91,58,44,0.08,0.04,9.06
Endrick,19,Brazil,Real Madrid,La Liga,CF,1500,8,4,30,24,78,12,8,0.48,0.24,10.72
Gavi,21,Spain,Barcelona,La Liga,CM,2200,5,7,18,24,88,42,26,0.2,0.29,9.49
Eduardo Camavinga,23,France,Real Madrid,La Liga,CM,2400,4,6,14,26,90,52,36,0.15,0.23,8.5
Joao Neves,20,Portugal,PSG,Ligue 1,CM,2600,6,10,22,24,91,58,42,0.21,0.35,10.27
Mathys Tel,19,France,Bayern Munich,Bundesliga,CF,1800,9,5,32,34,80,16,10,0.45,0.25,11.75
Alejandro Garnacho,21,Argentina,Napoli,Serie A,LW,2400,11,7,42,60,77,20,14,0.41,0.26,13.11
Savinho,21,Brazil,Man City,Premier League,RW,2000,6,8,24,54,82,16,10,0.27,0.36,12.53
Nico Williams,24,Spain,Barcelona,La Liga,LW,2800,12,16,44,70,84,22,16,0.39,0.51,13.39
Benjamin Sesko,22,Slovenia,Arsenal,Premier League,CF,2600,22,6,68,28,80,20,14,0.76,0.21,10.5
Arda Guler,20,Turkey,Real Madrid,La Liga,AM,1800,10,6,32,28,87,14,10,0.5,0.3,11.25
Rasmus Hojlund,23,Denmark,Napoli,Serie A,CF,2300,11,4,42,20,79,16,10,0.43,0.16,8.05
Evan Ferguson,21,Ireland,Roma,Serie A,CF,1800,7,4,28,16,78,14,10,0.35,0.2,8.45
Johan Bakayoko,22,Belgium,PSV,Eredivisie,RW,2500,14,10,48,58,84,22,16,0.5,0.36,13.23
Antonio Nusa,20,Norway,RB Leipzig,Bundesliga,RW,1800,6,7,22,44,81,14,10,0.3,0.35,12.05
Desire Doue,20,France,PSG,Ligue 1,AM,2000,8,8,28,48,82,20,14,0.36,0.36,12.7
Kenan Yildiz,20,Turkey,Juventus,Serie A,LW,2300,9,6,30,42,83,18,12,0.35,0.23,11.88
Jorrel Hato,19,Netherlands,Ajax,Eredivisie,LB,2400,5,7,16,28,86,46,34,0.19,0.26,10.69
Oscar Gloukh,21,Israel,Sporting CP,Liga Portugal,AM,2200,12,11,40,46,85,24,18,0.49,0.45,12.72
Castello Lukeba,22,France,RB Leipzig,Bundesliga,CB,2400,2,2,8,10,89,58,44,0.08,0.08,6.83
Leny Yoro,19,France,Man United,Premier League,CB,1800,1,1,6,8,88,44,34,0.05,0.05,7.95
Kacper Urbanski,20,Poland,Bologna,Serie A,CM,1800,4,6,14,22,85,32,24,0.2,0.3,9.65
Jamie Bynoe-Gittens,21,England,Dortmund,Bundesliga,LW,1800,7,6,22,40,79,12,10,0.35,0.3,11.1
Karim Adeyemi,23,Germany,Dortmund,Bundesliga,LW,1800,8,6,34,44,79,18,12,0.4,0.3,10.65
Harvey Elliott,22,England,Liverpool,Premier League,AM,1800,5,7,18,26,86,22,16,0.25,0.35,9.35
Ansu Fati,22,Spain,Sevilla,La Liga,LW,1200,4,3,16,20,81,12,8,0.3,0.23,8.4
Youssoufa Moukoko,20,Germany,Nice,Ligue 1,CF,1400,5,3,20,20,76,10,6,0.32,0.19,9.15
Facundo Pellistri,24,Uruguay,Man United,Premier League,RW,1200,3,4,12,24,80,14,10,0.23,0.3,7.68
Adam Wharton,21,England,Crystal Palace,Premier League,CM,2200,4,5,12,16,90,50,34,0.16,0.2,8.5
Enzo Fernandez,24,Argentina,Chelsea,Premier League,CM,2700,6,9,20,22,90,50,36,0.2,0.3,7.9
Moises Caicedo,24,Ecuador,Chelsea,Premier League,DM,2600,5,4,16,14,88,62,44,0.17,0.14,6.6
Jeremy Doku,23,Belgium,Man City,Premier League,LW,1600,3,6,14,66,80,12,8,0.17,0.34,12.28
Estevao Willian,18,Brazil,Chelsea,Premier League,RW,1600,7,8,26,48,81,10,6,0.39,0.45,13.93
Nico Paz,21,Argentina,Como,Serie A,AM,2200,9,10,32,36,85,18,14,0.37,0.41,11.27
Roony Bardghji,18,Sweden,Barcelona,La Liga,RW,1200,4,3,16,22,80,8,6,0.3,0.23,10.55
Archie Gray,19,England,Tottenham,Premier League,CM,2000,3,4,10,14,87,46,32,0.14,0.18,9.02
Ousmane Diomande,21,Ivory Coast,Sporting CP,Liga Portugal,CB,2400,4,2,10,12,88,60,42,0.15,0.08,7.7
Ryan Gravenberch,23,Netherlands,Liverpool,Premier League,CM,2700,5,8,18,22,90,48,34,0.17,0.27,8.23
Michael Olise,24,France,Bayern Munich,Bundesliga,RW,2400,12,10,48,52,84,14,10,0.45,0.38,11.5
Lois Openda,24,Belgium,RB Leipzig,Bundesliga,CF,2700,24,8,82,34,78,22,14,0.8,0.27,10.23
Khvicha Kvaratskhelia,24,Georgia,PSG,Ligue 1,LW,2400,12,10,44,68,81,16,12,0.45,0.38,12.95
Milos Kerkez,21,Hungary,Bournemouth,Premier League,LB,2400,2,6,10,20,84,42,30,0.08,0.23,8.38
Rico Lewis,20,England,Man City,Premier League,RB,2000,3,5,10,18,89,38,28,0.14,0.23,9.11
Malo Gusto,22,France,Chelsea,Premier League,RB,2300,3,6,12,22,87,40,30,0.12,0.23,8.37
Tyler Dibling,18,England,Southampton,Premier League,RW,1800,5,4,20,38,79,14,10,0.25,0.2,11.9
Savio Moreira,21,Brazil,Girona,La Liga,RW,2200,8,10,28,54,82,16,12,0.33,0.41,12.8
Alejandro Baena,23,Spain,Villarreal,La Liga,AM,2400,8,10,30,32,87,26,18,0.3,0.38,9.7
Dario Osorio,21,Chile,Midtjylland,Danish SL,RW,2200,10,8,34,48,81,16,12,0.41,0.33,12.23
El Chadaille Bitshiabu,19,France,RB Leipzig,Bundesliga,CB,1600,1,1,6,8,87,40,30,0.06,0.06,7.93
Abdoullah Ba,21,France,Sunderland,Championship,AM,2000,6,7,22,36,82,18,14,0.27,0.32,10.64
Omari Kellyman,19,England,Chelsea,Premier League,AM,1000,2,3,8,16,80,10,6,0.18,0.27,9.18
Kendry Paez,17,Ecuador,Chelsea,Premier League,AM,800,3,3,10,14,81,8,6,0.34,0.34,10.64
Claudio Echeverri,18,Argentina,Man City,Premier League,AM,1000,3,4,12,20,83,10,6,0.27,0.36,10.68
Joao Pedro,23,Brazil,Brighton,Premier League,CF,2400,12,7,44,30,82,16,12,0.45,0.26,9.48
Morgan Rogers,22,England,Aston Villa,Premier League,AM,2200,8,8,30,40,82,22,14,0.33,0.33,10.74
Noni Madueke,22,England,Chelsea,Premier League,RW,2200,10,6,40,44,81,14,10,0.41,0.25,11.17
Luka Sucic,22,Croatia,Real Sociedad,La Liga,CM,2000,5,6,20,18,85,34,24,0.23,0.27,8.27
Takefusa Kubo,24,Japan,Real Sociedad,La Liga,RW,2400,10,8,38,50,83,16,12,0.38,0.3,10.88
Santiago Gimenez,23,Mexico,Feyenoord,Eredivisie,CF,2200,16,5,56,18,79,14,10,0.65,0.2,8.62
Yeremy Pino,22,Spain,Villarreal,La Liga,RW,2000,8,6,30,34,82,14,10,0.36,0.27,10.12
Adam Hlozek,23,Czech Republic,Leverkusen,Bundesliga,CF,1600,6,5,24,20,80,14,8,0.34,0.28,8.07
Micky van de Ven,24,Netherlands,Tottenham,Premier League,CB,2500,3,2,10,16,89,54,40,0.11,0.07,6.52
Amadou Onana,24,Belgium,Aston Villa,Premier League,DM,2400,5,4,16,14,86,58,40,0.19,0.15,6.56
Josko Gvardiol,24,Croatia,Man City,Premier League,CB,2600,4,3,14,12,88,50,38,0.14,0.1,6.22
Vitinha,24,Portugal,PSG,Ligue 1,CM,2700,7,10,24,30,91,44,30,0.23,0.33,8.92
Igor Paixao,24,Brazil,Feyenoord,Eredivisie,LW,2600,12,14,42,60,83,18,14,0.42,0.48,12.37
Iliman Ndiaye,24,Senegal,Everton,Premier League,AM,2100,8,5,30,44,81,18,14,0.34,0.21,9.91
Geovany Quenda,17,Portugal,Sporting CP,Liga Portugal,RW,1400,3,5,14,30,80,12,8,0.19,0.32,11.72
Yankuba Minteh,20,Gambia,Brighton,Premier League,RW,1600,5,4,18,36,78,10,8,0.28,0.23,10.79
Francisco Conceicao,22,Portugal,Juventus,Serie A,RW,1900,6,8,24,46,81,12,10,0.28,0.38,11.26
Gabri Veiga,23,Spain,Al-Ahli,Saudi Pro League,CM,2400,10,7,38,26,85,40,28,0.38,0.26,9.0
Amine Gouiri,24,France,Rennes,Ligue 1,AM,2200,9,7,34,28,83,18,14,0.37,0.29,8.63
Youssef En-Nesyri,24,Morocco,Fenerbahce,Super Lig,CF,2200,14,4,48,16,77,14,10,0.57,0.16,7.5
Brenden Aaronson,24,USA,Union Berlin,Bundesliga,AM,2000,6,7,22,24,82,20,14,0.27,0.32,7.94
Caden Clark,22,USA,New York Red Bulls,MLS,CM,1600,4,6,14,18,83,28,20,0.23,0.34,8.3
Thiago Almada,24,Argentina,Lyon,Ligue 1,AM,2100,7,9,28,38,84,16,12,0.3,0.39,9.67
Facundo Buonanotte,20,Argentina,Leicester City,Championship,AM,1800,6,5,22,32,82,14,10,0.3,0.25,10.7
James McAtee,23,England,Man City,Premier League,AM,1200,4,3,14,18,84,12,8,0.3,0.23,7.85
Gianluca Busio,22,USA,Venezia,Serie A,CM,2000,3,5,12,14,84,34,24,0.14,0.23,7.46
Andrey Santos,21,Brazil,Strasbourg,Ligue 1,CM,1800,4,4,14,16,83,36,26,0.2,0.2,8.25
Julio Enciso,20,Paraguay,Brighton,Premier League,AM,1400,5,4,18,26,79,10,6,0.32,0.26,10.03
Oscar Mingueza,24,Spain,Celta Vigo,La Liga,RB,2200,3,6,10,14,84,40,30,0.12,0.25,6.46
Cher Ndour,20,Italy,Besiktas,Super Lig,CM,1800,3,4,12,14,84,36,24,0.15,0.2,8.45
Ben Doak,19,Scotland,Middlesbrough,Championship,RW,1600,5,6,18,34,79,10,8,0.28,0.34,11.37
Mohamed Simakan,24,France,RB Leipzig,Bundesliga,CB,2200,1,1,6,6,87,52,38,0.04,0.04,5.15
Waheeb,22,Saudi Arabia,Al-Hilal,Saudi Pro League,RW,2100,8,6,30,28,83,20,14,0.34,0.26,9.49
Ethan Nwaneri,18,England,Arsenal,Premier League,AM,1400,6,4,22,30,82,10,6,0.39,0.26,11.77
Myles Lewis-Skelly,19,England,Arsenal,Premier League,LB,1900,2,4,8,26,87,40,28,0.09,0.19,10.11
Vitor Reis,19,Brazil,Man City,Premier League,CB,1200,1,0,4,6,89,30,24,0.08,0.0,7.78
Jack Hinshelwood,20,England,Brighton,Premier League,CM,1800,3,3,12,16,86,38,26,0.15,0.15,8.65
Harry Amass,18,England,Man United,Premier League,LB,1100,0,2,2,14,84,28,20,0.0,0.16,8.93
Lewis Hall,21,England,Newcastle,Premier League,LB,2200,2,5,8,24,83,44,30,0.08,0.2,8.7
James Trafford,23,England,Man City,Premier League,GK,2500,0,0,0,1,78,1,1,0.0,0.0,4.5
Nico OReilly,20,England,Man City,Premier League,CM,1300,2,3,10,16,85,28,20,0.14,0.21,8.68
Franco Mastantuono,18,Argentina,Real Madrid,La Liga,AM,1500,5,4,20,32,81,10,6,0.3,0.24,11.63
Marc Bernal,18,Spain,Barcelona,La Liga,DM,900,1,1,4,8,88,30,24,0.1,0.1,8.7
Marc Casado,22,Spain,Barcelona,La Liga,CM,2100,1,4,6,12,89,48,36,0.04,0.17,7.12
Raul Asencio,22,Spain,Real Madrid,La Liga,CB,2000,0,1,2,6,90,42,34,0.0,0.05,6.19
Pablo Barrios,22,Spain,Atletico Madrid,La Liga,CM,2300,2,5,10,18,87,46,32,0.08,0.2,7.78
Jesus Rodriguez,19,Spain,Real Betis,La Liga,LW,1400,4,3,16,30,78,10,6,0.26,0.19,10.56
Tom Bischof,20,Germany,Bayern Munich,Bundesliga,CM,1700,4,5,16,22,86,30,22,0.21,0.26,9.66
Assan Ouedraogo,19,Germany,RB Leipzig,Bundesliga,CM,1200,3,2,10,18,82,24,16,0.23,0.15,9.38
Can Uzun,19,Turkey,Frankfurt,Bundesliga,CF,1600,8,3,30,22,77,10,6,0.45,0.17,10.24
Bence Dardai,19,Hungary,Wolfsburg,Bundesliga,AM,1300,4,4,14,24,80,12,8,0.28,0.28,10.28
Nathaniel Brown,22,Germany,Frankfurt,Bundesliga,LB,2100,3,5,10,30,82,40,28,0.13,0.21,8.91
Valentin Carboni,20,Argentina,Genoa,Serie A,AM,1500,4,5,18,30,81,12,8,0.24,0.3,10.37
Aaron Anselmino,20,Argentina,Bologna,Serie A,CB,1400,1,0,4,8,87,36,28,0.06,0.0,7.34
Santiago Castro,21,Argentina,Bologna,Serie A,CF,2000,9,3,36,18,78,12,8,0.41,0.14,8.69
Niccolo Pisilli,20,Italy,Roma,Serie A,CM,1600,3,2,12,16,86,34,24,0.17,0.11,8.63
Cesare Casadei,23,Italy,Torino,Serie A,CM,1900,4,2,16,14,84,40,28,0.19,0.09,6.86
Eliesse Ben Seghir,20,Morocco,Monaco,Ligue 1,LW,2000,8,6,30,52,80,14,10,0.36,0.27,12.82
Maghnes Akliouche,23,France,Monaco,Ligue 1,RW,2200,7,8,28,48,82,16,12,0.29,0.33,10.91
Lamine Camara,21,Senegal,Monaco,Ligue 1,CM,1900,3,4,12,20,85,42,30,0.14,0.19,8.56
Ayyoub Bouaddi,18,France,Lille,Ligue 1,CM,1500,1,3,6,16,88,36,26,0.06,0.18,9.54
Guillaume Restes,20,France,Toulouse,Ligue 1,GK,2700,0,1,0,2,76,1,2,0.0,0.03,6.07
Jorthy Mokio,17,Belgium,Ajax,Eredivisie,CB,1300,2,1,6,14,87,34,26,0.14,0.07,9.8
Rayane Bounida,19,Belgium,Ajax,Eredivisie,AM,1100,4,5,16,28,81,8,6,0.33,0.41,11.15
Mika Godts,20,Belgium,Ajax,Eredivisie,LW,1500,5,6,20,38,79,10,8,0.3,0.36,11.37
Rodrigo Mora,18,Portugal,Porto,Liga Portugal,AM,1600,6,5,22,36,82,12,8,0.34,0.28,12.27
Martim Fernandes,19,Portugal,Porto,Liga Portugal,RB,1700,1,5,6,20,84,38,26,0.05,0.26,9.39
Joao Simoes,18,Portugal,Sporting CP,Liga Portugal,CM,1200,2,3,8,16,87,30,22,0.15,0.23,9.85
Anatoliy Trubin,24,Ukraine,Benfica,Liga Portugal,GK,2600,0,0,0,0,80,2,1,0.0,0.0,4.0
Chris Rigg,18,England,Sunderland,Championship,CM,2000,4,4,16,24,83,36,26,0.18,0.18,10.45
Tommy Watson,19,England,Sunderland,Championship,LW,1700,6,4,22,34,78,12,8,0.32,0.21,11.18
Semih Kilicsoy,20,Turkey,Besiktas,Super Lig,CF,1700,8,3,30,26,76,10,6,0.42,0.16,9.99
Yusuf Akcicek,19,Turkey,Fenerbahce,Super Lig,CB,1500,1,1,4,8,86,38,30,0.06,0.06,7.9
Talal Haji,18,Saudi Arabia,Al-Riyadh,Saudi Pro League,CF,1200,5,2,18,16,74,8,6,0.38,0.15,9.73
Abbas Al-Hassan,21,Saudi Arabia,Al-Nassr,Saudi Pro League,CM,1400,2,3,8,12,84,32,24,0.13,0.19,7.67
Julian Hall,17,USA,NY Red Bulls,MLS,CF,900,4,2,14,18,75,6,4,0.4,0.2,10.65
Peyton Miller,17,USA,New England,MLS,LB,1300,1,4,6,22,81,30,22,0.07,0.28,10.51
Noah Allen,21,USA,Inter Miami,MLS,LB,1800,1,3,6,18,82,34,24,0.05,0.15,7.85
Mads Hansen,19,Denmark,Nordsjaelland,Danish SL,RW,1800,7,6,26,40,79,12,8,0.35,0.3,12.1
Lucas Hey,22,Denmark,Nordsjaelland,Danish SL,CB,2000,2,1,8,10,87,44,34,0.09,0.05,6.71
Konstantinos Karetsas,17,Greece,Genk,Belgian Pro League,AM,1500,5,6,20,34,81,10,8,0.3,0.36,12.57
Joel Ordonez,21,Ecuador,Club Brugge,Belgian Pro League,CB,2200,2,1,8,10,88,48,36,0.08,0.04,7.23
Chemsdine Talbi,20,Morocco,Club Brugge,Belgian Pro League,RW,1900,8,5,30,44,79,12,8,0.38,0.24,11.96
Lennon Miller,19,Scotland,Celtic,Scottish Premiership,CM,2100,4,6,18,22,84,40,28,0.17,0.26,9.93
James Wilson,18,Scotland,Hearts,Scottish Premiership,CF,1400,7,2,24,14,75,8,6,0.45,0.13,9.76
Karim Konate,21,Ivory Coast,Salzburg,Austrian Bundesliga,CF,1800,11,3,38,20,77,10,6,0.55,0.15,9.3
Samson Baidoo,21,Austria,Salzburg,Austrian Bundesliga,CB,1900,2,1,8,10,86,42,32,0.09,0.05,7.18
